{
 "finalist_sig": {
  "n": 96,
  "vol_expand": 1.3,
  "vol_n": 32,
  "trend_gate": null
 },
 "finalist_ep": {
  "entry_mode": "maker",
  "sl_atr": 2.0,
  "tp_atr": 6.0,
  "cooldown_bars": 2
 },
 "n_draws": 40,
 "per_asset": {
  "BTCUSDT": [
   1.069759780006157,
   1.0596267626900717,
   1.0516143875063804,
   1.10711219903841,
   1.0832951344806259,
   1.089404864012406,
   1.0607791013740853,
   1.0786092099631057,
   1.0925661984882757,
   1.0987178546746952,
   1.097976740280972,
   1.0692647894655352,
   1.081107321214629,
   1.058913943072902,
   1.0829697016427406,
   1.0557472979145084,
   1.07657100357837,
   1.1299272117854777,
   1.0830696251079446,
   1.0773530920712557,
   1.0758257725472236,
   1.092579183926614,
   1.0660959616651586,
   1.075627819437427,
   1.0477165308111847,
   1.0849827573946929,
   1.0772801475285267,
   1.062177951892194,
   1.0827045068104284,
   1.0532247370467893,
   1.0915228990742738,
   1.0483288419986958,
   1.1001095410367907,
   1.0499693435659754,
   1.09211680044208,
   1.0583208929596364,
   1.0628404304058217,
   1.0610610037122574,
   1.1122602081474227,
   1.0572504933091527
  ],
  "ETHUSDT": [
   1.0471014640928589,
   1.0696356378489453,
   1.0752394919340027,
   1.0451007721808772,
   1.0420198516116677,
   1.0258161524625216,
   1.0699654968473058,
   1.048174763701504,
   1.0399997172020417,
   1.066577272411178,
   1.0544057972730818,
   1.0917837006363802,
   1.0989256229183402,
   1.0402559777024656,
   1.0375189696084233,
   1.0361639387944601,
   1.0336777667205632,
   1.0713523427802414,
   1.070763790727083,
   1.0550441885415978,
   1.088798628229603,
   1.0267334745585575,
   1.0644680643333662,
   1.029565688674342,
   1.0642449549332307,
   1.057311310878703,
   1.0417358223743924,
   1.0567264435239918,
   1.0778360717641975,
   1.0212008319744037,
   1.084739174724461,
   1.0730867559808361,
   1.0308210711100918,
   1.0691431689989932,
   1.0598587668505193,
   1.06647974177168,
   1.0355880243950815,
   1.0514649666451723,
   1.0630928393836667,
   1.0685172457280947
  ],
  "SOLUSDT": [
   1.0477996952707846,
   1.0265547672769437,
   1.0364741571781801,
   1.0398164695805745,
   1.0542000154943543,
   1.01680905889589,
   1.0273022053310938,
   1.0385053423381008,
   1.0251666176082734,
   1.0462423205701437,
   1.0142247529121868,
   1.0654171245576383,
   1.0625891147245157,
   0.9799253435382697,
   1.0455977002739623,
   1.0295423018159118,
   1.0538738256901938,
   1.0650629080822835,
   1.0248474090061823,
   1.0781144089429868,
   0.9966806907168376,
   1.0573143476460505,
   1.0330860607119563,
   0.9785019137075669,
   1.029939706439894,
   1.0540590295564902,
   1.0253393256370975,
   1.041565494591843,
   1.0463536293697753,
   1.0104814519435201,
   1.0328757979059509,
   1.0423362998715964,
   1.0202829331597107,
   1.019302936296951,
   1.0300789784207316,
   1.020956917929404,
   1.0203288542929474,
   1.0266097389402145,
   1.0470553354296719,
   1.0255081415967582
  ]
 },
 "min_geo_positive_frac": 0.925,
 "min_geo_median": 1.0300093424303127,
 "verdict": "PASS"
}
